{"train/epoch":1,"eval/samples_per_second":13.749,"_step":196,"train/loss":1.0623,"eval/steps_per_second":1.722,"_wandb":{"runtime":11425},"_runtime":11425,"train_samples_per_second":1.16,"train_loss":1.058040416000966,"eval/loss":0.996751070022583,"train/learning_rate":2.2856426326045565e-10,"eval/runtime":238.7001,"train/grad_norm":0.678194522857666,"train/global_step":3282,"train_runtime":11311.8288,"_timestamp":1.763737480467384e+09,"train_steps_per_second":0.29,"total_flos":2.9395767066624e+17}