{"_timestamp":1.7637259186071324e+09,"_wandb":{"runtime":545},"train/epoch":0.1218769043266301,"_runtime":545,"train/learning_rate":9.975344476376422e-05,"_step":4,"train/loss":1.0853,"train/grad_norm":0.322989821434021,"train/global_step":100}